ID;Name;Position;Number;Club;CountryOfClub;DateOfBirth;Age;HeightCM;Country;Caps;Goals;PlaysInHomeCountry
227839;Marvin CHAVEZ;Midfielder;10;CD Chivas USA;USA;03/nov/83;30;156;Honduras;41;4;No
353235;Jordan AYEW;Forward;13;FC Sochaux-Montbliard;France;11/set/91;22;160;Ghana;12;2;No
298582;John BOYE;Defender;21;Stade Rennais FC;France;23/abr/87;27;160;Ghana;29;3;No
370469;Rashid SUMAILA;Defender;15;Mamelodi Sundowns FC;South Africa;18/dez/92;21;160;Ghana;8;0;No
379972;Acquah AFRIYIE;Midfielder;6;Parma FC;Italy;01/mai/92;22;162;Ghana;4;1;No
364707;Albert ADOMAH;Midfielder;14;Middlesbrough FC;England;13/dez/87;26;162;Ghana;14;1;No
359235;Lorenzo INSIGNE;Forward;22;SSC Napoli;Italy;04/jun/91;23;163;Italy;4;1;Yes
336791;Edgar SALLI;Midfielder;20;RC Lens;France;17/ago/92;21;163;Cameroon;8;0;No
358024;Ioannis FETFATZIDIS;Forward;18;Genoa CFC;Italy;21/dez/90;23;164;Greece;18;3;No
358114;Dries MERTENS;Midfielder;14;SSC Napoli;Italy;06/mai/87;27;164;Belgium;24;2;No
379264;Jose VAZQUEZ;Midfielder;23;Club Leon;Mexico;14/mar/88;26;164;Mexico;4;0;Yes
355997;Christian ATSU;Midfielder;7;Vitesse Arnheim;Netherlands;10/jan/92;22;165;Ghana;22;4;No
312014;Michael BABATUNDE;Forward;18;FC Volyn Lutsk;Ukraine;24/dez/92;21;165;Nigeria;4;0;No
356669;BERNARD;Forward;20;Shakhtar Donetsk;Ukraine;08/set/92;21;166;Brazil;10;1;No
198489;Arthur BOKA;Defender;3;VfB Stuttgart;Germany;02/abr/83;31;166;Ivory Coast;77;1;No
350124;Javier AQUINO;Midfielder;20;Villarreal CF;Spain;11/fev/90;24;166;Mexico;21;0;No
297106;Mathieu VALBUENA;Midfielder;8;Olympique Marseille;France;28/set/84;29;167;France;33;5;Yes
251352;Andres GUARDADO;Defender;18;Bayer 04 Leverkusen;Germany;28/set/86;27;167;Mexico;101;14;No
312234;Oliver BOZANIC;Midfielder;13;FC Luzern;Switzerland;08/jan/89;25;167;Australia;3;0;No
359217;Marco VERRATTI;Midfielder;23;Paris Saint-Germain FC;France;05/nov/92;21;168;Italy;5;1;No
354875;Abdelmoumene DJABOU;Forward;18;Club Africain;Tunisia;31/jan/87;27;168;Algeria;7;1;No
281252;Fabian ORELLANA;Forward;14;Celta Vigo;Spain;27/jan/86;28;168;Chile;25;2;No
294619;Kwadwo ASAMOAH;Midfielder;20;Juventus FC;Italy;09/dez/88;25;168;Ghana;61;4;No
233530;Marcelo DIAZ;Midfielder;21;FC Basel;Switzerland;30/dez/86;27;168;Chile;20;1;No
315429;Ogenyi ONAZI;Midfielder;17;SS Lazio;Italy;25/dez/92;21;168;Nigeria;20;1;No
276131;Walter GARGANO;Midfielder;5;Parma FC;Italy;23/jul/84;29;168;Uruguay;62;1;No
286238;Egidio AREVALO;Midfielder;17;CA Monarcas Morelia;Mexico;01/jan/82;32;168;Uruguay;54;0;No
294626;Harrison AFFUL;Defender;23;Esperance Sportive de Tunis;Tunisia;24/jul/86;27;168;Ghana;40;0;No
356704;Juan QUINTERO;Midfielder;20;FC Porto;Portugal;18/jan/93;21;168;Columbia;4;0;No
229397;Lionel MESSI;Forward;10;FC Barcelona;Spain;24/jun/87;26;169;Argentina;84;37;No
318601;Pedro RODRIGUEZ;Forward;11;FC Barcelona;Spain;28/jul/87;26;169;Spain;39;14;Yes
228627;Alexis SANCHEZ;Forward;7;FC Barcelona;Spain;19/dez/88;25;169;Chile;66;22;No
321653;Xherdan SHAQIRI;Midfielder;23;FC Bayern Muenchen;Germany;10/out/91;22;169;Switzerland;33;9;No
275112;Manabu SAITO;Forward;20;Yokohama F-Marinos;Japan;04/abr/90;24;169;Japan;4;1;Yes
297705;Santi CAZORLA;Midfielder;20;Arsenal FC;England;13/dez/84;29;169;Spain;63;11;No
358732;Jordy CLASIE;Midfielder;16;Feyenoord Rotterdam;Netherlands;27/jun/91;22;169;Netherlands;8;0;Yes
200176;David SILVA;Midfielder;21;Manchester City FC;England;08/jan/86;28;170;Spain;79;20;No
237058;Randall BRENES;Forward;14;CSD Cartagines;Costa Rica;13/ago/83;30;170;Costa Rica;39;8;Yes
290452;Jefferson MONTERO;Midfielder;7;CA Monarcas Morelia;Mexico;01/set/89;24;170;Ecuador;39;8;No
306954;Jordi ALBA;Defender;18;FC Barcelona;Spain;21/mar/89;25;170;Spain;25;5;Yes
175498;DaMarcus BEASLEY;Defender;7;Puebla FC;Mexico;24/mai/82;32;170;USA;115;17;No
183857;Andres INIESTA;Midfielder;6;FC Barcelona;Spain;11/mai/84;30;170;Spain;96;12;Yes
177855;Xavi HERNANDEZ;Midfielder;8;FC Barcelona;Spain;25/jan/80;34;170;Spain;131;12;Yes
180936;Yoshito OKUBO;Forward;13;Kawasaki Frontale;Japan;09/jun/82;32;170;Japan;56;5;Yes
199600;Jean MAKOUN;Midfielder;11;Stade Rennais FC;France;29/mai/83;31;170;Cameroon;67;5;No
306424;Tommy OAR;Midfielder;11;FC Utrecht;Netherlands;10/dez/91;22;170;Australia;14;1;No
330693;Andy NAJAR;Midfielder;17;RSC Anderlecht;Belgium;16/mar/93;21;170;Honduras;17;1;No
196748;Philipp LAHM;Midfielder;16;FC Bayern Muenchen;Germany;11/nov/83;30;170;Germany;105;5;Yes
291372;Yuto NAGATOMO;Defender;5;FC Internazionale;Italy;12/set/86;27;170;Japan;69;3;No
229440;Jose FUENZALIDA;Midfielder;19;CSD Colo-Colo;Chile;22/fev/85;29;170;Chile;23;1;Yes
200199;JOAO MOUTINHO;Midfielder;8;AS Monaco;France;08/set/86;27;170;Portugal;66;2;No
275793;Oscar BAGUI;Defender;18;CS Emelec;Ecuador;10/dez/82;31;170;Ecuador;21;0;Yes
200205;VIEIRINHA;Forward;10;VfL Wolfsburg;Germany;24/jan/86;28;170;Portugal;7;0;No
355023;Allan NYOM;Defender;22;Granada CF;Spain;10/mai/88;26;170;Cameroon;9;0;No
270400;Luis GARRIDO;Midfielder;19;CD Olimpia;Honduras;05/nov/90;23;170;Honduras;19;0;Yes
315436;Ramon AZEEZ;Midfielder;15;UD Almeria;Spain;12/dez/92;21;170;Nigeria;1;0;No
336043;Raheem STERLING;Midfielder;19;Liverpool FC;England;08/dez/94;19;170;England;3;0;Yes
235097;Mubarak WAKASO;Midfielder;22;FC Rubin Kazan;Russia;25/jul/90;23;171;Ghana;16;7;No
319311;Marco FABIAN;Midfielder;8;Cruz Azul FC;Mexico;21/jul/89;24;171;Mexico;14;5;Yes
267811;Juan MATA;Forward;13;Manchester United FC;England;28/abr/88;26;171;Spain;33;9;No
215002;Wesley SNEIJDER;Midfielder;10;Galatasaray SK;Turkey;09/jun/84;30;171;Netherlands;98;26;No
215513;Dimitrios SALPINGIDIS;Forward;14;PAOK FC;Greece;18/ago/81;32;171;Greece;75;13;Yes
369990;Rony MARTINEZ;Forward;16;CD Real Sociedad;Honduras;16/out/87;26;171;Honduras;9;1;Yes
318150;Charles ARANGUIZ;Midfielder;20;SC Internacional;Brazil;17/abr/89;25;171;Chile;20;2;No
267527;Gary MEDEL;Defender;17;Cardiff City FC;England;03/ago/87;26;171;Chile;60;5;No
182372;Javier MASCHERANO;Midfielder;14;FC Barcelona;Spain;08/jun/84;30;171;Argentina;96;2;No
229443;Juan ZUNIGA;Defender;18;SSC Napoli;Italy;14/dez/85;28;171;Columbia;49;1;No
212246;Patrice EVRA;Defender;3;Manchester United FC;England;15/mai/81;33;171;France;57;0;No
366309;Yacine BRAHIMI;Midfielder;11;Granada CF;Spain;08/fev/90;24;171;Algeria;5;0;No
336869;Alex IBARRA;Midfielder;5;Vitesse Arnheim;Netherlands;20/jan/91;23;171;Ecuador;17;0;No
315614;Santiago ARIAS;Defender;4;PSV Eindhoven;Netherlands;13/jan/92;22;171;Columbia;5;0;No
332827;Carlos GRUEZO;Midfielder;23;VfB Stuttgart;Germany;19/abr/95;19;171;Ecuador;2;0;No
368902;Adam TAGGART;Forward;9;Newcastle United Jets FC;Australia;02/jun/93;21;172;Australia;4;3;Yes
228528;Sergio AGUERO;Forward;20;Manchester City FC;England;02/jun/88;26;172;Argentina;50;21;No
268596;Shinji KAGAWA;Forward;10;Manchester United FC;England;17/mar/89;25;172;Japan;56;18;No
367393;Majeed WARIS;Forward;18;Valenciennes FC;France;19/set/91;22;172;Ghana;12;3;No
273996;Eden HAZARD;Midfielder;10;Chelsea FC;England;07/jan/91;23;172;Belgium;45;6;No
200262;Landry NGUEMO;Midfielder;7;FC Girondins Bordeaux;France;28/nov/85;28;172;Cameroon;39;2;No
305768;Leighton BAINES;Defender;3;Everton FC;England;11/dez/84;29;172;England;23;1;Yes
347716;Hiroshi KIYOTAKE;Forward;8;1. FC Nuernberg;Germany;12/nov/89;24;172;Japan;25;1;No
210702;Danijel PRANJIC;Defender;3;Panathinaikos FC;Greece;02/dez/81;32;172;Croatia;49;0;No
214571;Rio MAVUBA;Midfielder;12;Lille OSC;France;08/mar/84;30;172;France;11;0;Yes
214407;JOAO PEREIRA;Defender;21;Valencia CF;Spain;25/fev/84;30;172;Portugal;35;0;No
365747;Edin VISCA;Forward;19;Istanbul BBSK;Turkey;17/fev/90;24;172;Bosnia & Herzegovina;10;0;No
269071;Daniel OPARE;Defender;4;Standard Liege;Belgium;18/out/90;23;172;Ghana;16;0;No
330565;Jack WILSHERE;Midfielder;7;Arsenal FC;England;01/jan/92;22;172;England;16;0;Yes
369094;Julian GREEN;Midfielder;16;FC Bayern Muenchen;Germany;06/jun/95;19;172;USA;2;0;No
274946;Emmanuel AGYEMANG BADU;Midfielder;8;Udinese Calcio;Italy;02/dez/90;23;173;Ghana;47;7;No
229392;Ezequiel LAVEZZI;Forward;22;Paris Saint-Germain FC;France;03/mai/85;29;173;Argentina;29;4;No
305378;Nicolas LODEIRO;Midfielder;14;Botafogo FR;Brazil;21/mar/89;25;173;Uruguay;26;3;No
241559;Luka MODRIC;Midfielder;10;Real Madrid CF;Spain;09/set/85;28;173;Croatia;74;8;No
184447;Walter AYOVI;Midfielder;10;CF Pachuca;Mexico;11/ago/79;34;173;Ecuador;89;8;No
296297;Mario MARTINEZ;Midfielder;23;Real Espana;Honduras;30/jul/89;24;173;Honduras;36;3;Yes
202655;Jorge VALDIVIA;Midfielder;10;Palmeiras;Brazil;19/out/83;30;173;Chile;56;4;No
305972;Joao ROJAS;Forward;9;Cruz Azul FC;Mexico;14/jun/89;25;173;Ecuador;29;2;No
290824;Steven DEFOUR;Midfielder;16;FC Porto;Portugal;15/abr/88;26;173;Belgium;43;2;No
286481;Maximiliano PEREIRA;Defender;16;SL Benfica;Portugal;08/jun/84;30;173;Uruguay;89;3;No
356466;Hotaru YAMAGUCHI;Midfielder;16;Cerezo Osaka;Japan;06/out/90;23;173;Japan;11;0;Yes
371042;Isaac BRIZUELA;Midfielder;17;Deportivo Toluca FC;Mexico;28/ago/90;23;173;Mexico;7;0;Yes
368708;RAFA;Forward;15;Sporting Braga;Portugal;17/mai/93;21;173;Portugal;2;0;Yes
286278;Shinji OKAZAKI;Forward;9;FSV Mainz 05;Germany;16/abr/86;28;174;Japan;75;38;No
297839;Konan YA;Midfielder;13;Hannover 96;Germany;22/mai/84;30;174;Ivory Coast;24;7;No
218284;MARCELO;Defender;6;Real Madrid CF;Spain;12/mai/88;26;174;Brazil;30;4;No
349592;Eugenio MENA;Defender;2;Santos FC;Brazil;18/jul/88;25;174;Chile;24;3;No
245156;Jose ROJAS;Defender;13;Club Universidad de Chile;Chile;23/jun/83;30;174;Chile;18;1;Yes
197409;Matt McKAY;Midfielder;17;Brisbane Roar FC;Australia;11/jan/83;31;174;Australia;46;1;Yes
200213;Pablo ARMERO;Defender;7;West Ham United FC;England;02/nov/86;27;174;Columbia;52;1;No
216964;Nigel DE JONG;Midfielder;6;AC Milan;Italy;30/nov/84;29;174;Netherlands;70;1;No
182379;Pablo ZABALETA;Defender;4;Manchester City FC;England;16/jan/85;29;174;Argentina;36;0;No
268911;Toshihiro AOYAMA;Midfielder;14;Sanfrecce Hiroshima;Japan;22/fev/86;28;174;Japan;5;0;Yes
268411;PARK Jooho;Defender;22;FSV Mainz 05;Germany;16/jan/87;27;174;South Korea;13;0;No
298677;Jonathan DE GUZMAN;Midfielder;8;Swansea City AFC;England;13/set/87;26;174;Netherlands;10;0;No
314197;NEYMAR;Forward;10;FC Barcelona;Spain;05/fev/92;22;175;Brazil;48;31;No
229884;David VILLA;Forward;7;Atletico Madrid;Spain;03/dez/81;32;175;Spain;95;56;Yes
228599;Javier HERNANDEZ;Forward;14;Manchester United FC;England;01/jun/88;26;175;Mexico;61;35;No
270301;Eduardo VARGAS;Forward;11;Valencia CF;Spain;20/nov/89;24;175;Chile;29;13;No
319470;Mario GAVRANOVIC;Forward;17;FC Zuerich;Switzerland;24/nov/89;24;175;Switzerland;11;4;Yes
216970;Salomon KALOU;Forward;8;Lille OSC;France;05/ago/85;28;175;Ivory Coast;66;22;No
336435;Antoine GRIEZMANN;Forward;11;Real Sociedad;Spain;21/mar/91;23;175;France;3;1;No
186808;Aleksandr KERZHAKOV;Forward;11;FC Zenit St. Petersburg;Russia;27/nov/82;31;175;Russia;80;25;Yes
177927;Antonio CASSANO;Forward;10;Parma FC;Italy;12/jul/82;31;175;Italy;36;10;Yes
319438;Georginio WIJNALDUM;Midfielder;20;PSV Eindhoven;Netherlands;11/nov/90;23;175;Netherlands;4;1;Yes
248373;Franck RIBERY;Forward;7;FC Bayern Muenchen;Germany;07/abr/83;31;175;France;81;16;No
254167;NANI;Forward;17;Manchester United FC;England;17/nov/86;27;175;Portugal;73;14;No
178842;Edison MENDEZ;Midfielder;8;Independiente Santa Fe;Columbia;16/mar/79;35;175;Ecuador;110;18;No
200179;Cesc FABREGAS;Midfielder;10;FC Barcelona;Spain;04/mai/87;27;175;Spain;88;13;Yes
230739;Rodrigo PALACIO;Forward;18;FC Internazionale;Italy;05/fev/82;32;175;Argentina;21;2;No
294620;Andre AYEW;Midfielder;10;Olympique Marseille;France;17/dez/89;24;175;Ghana;47;4;No
190962;DANI ALVES;Defender;2;FC Barcelona;Spain;06/mai/83;31;175;Brazil;74;6;No
358013;Yohan CABAYE;Midfielder;6;Paris Saint-Germain FC;France;14/jan/86;28;175;France;29;2;Yes
349588;Felipe GUTIERREZ;Midfielder;16;FC Twente;Netherlands;08/out/90;23;175;Chile;17;1;No
286259;Alvaro GONZALEZ;Midfielder;20;SS Lazio;Italy;29/out/84;29;175;Uruguay;42;2;No
358014;Blaise MATUIDI;Midfielder;14;Paris Saint-Germain FC;France;09/abr/87;27;175;France;22;1;Yes
307026;Cristian GAMBOA;Defender;16;Rosenborg BK;Norway;24/out/89;24;175;Costa Rica;25;1;No
339447;Johnny ACOSTA;Defender;2;LD Alajuelense;Costa Rica;21/jul/83;30;175;Costa Rica;26;1;Yes
181698;Aldo RAMIREZ;Midfielder;5;CA Monarcas Morelia;Mexico;18/abr/81;33;175;Columbia;29;1;No
296303;Juan Carlos GARCIA;Defender;6;Wigan Athletic FC;England;08/mar/88;26;175;Honduras;35;1;No
291329;Ismael TIOTE;Midfielder;9;Newcastle United FC;England;21/jun/86;27;175;Ivory Coast;42;1;No
207924;James MILNER;Midfielder;17;Manchester City FC;England;04/jan/86;28;175;England;46;1;Yes
254141;Bacary SAGNA;Defender;15;Arsenal FC;England;14/fev/83;31;175;France;40;0;No
321682;Medhi LACEN;Midfielder;8;Getafe CF;Spain;15/mar/84;30;175;Algeria;29;0;No
202280;Luis SARITAMA;Midfielder;19;Barcelona SC;Ecuador;20/out/83;30;175;Ecuador;48;0;Yes
306206;Khosro HEYDARI;Forward;2;Esteghlal Tehran FC;Iran;14/set/83;30;175;Iran;47;0;Yes
200133;Lucas BIGLIA;Midfielder;6;SS Lazio;Italy;30/jan/86;28;175;Argentina;17;0;No
350129;Miguel PONCE;Defender;16;Deportivo Toluca FC;Mexico;12/abr/89;25;175;Mexico;7;0;Yes
379974;Waylon FRANCIS;Defender;12;Columbus Crew;USA;20/set/90;23;175;Costa Rica;1;0;No
380060;Cedric DJEUGOUE;Defender;4;Coton Sport FC;Cameroon;28/ago/92;21;175;Cameroon;3;0;Yes
368973;DeAndre YEDLIN;Defender;2;Seattle Sounders FC;USA;09/jul/93;20;175;USA;4;0;Yes
336722;Alan PULIDO;Forward;11;Tigres UANL;Mexico;08/mar/91;23;176;Mexico;5;4;Yes
196842;Wayne ROONEY;Forward;10;Manchester United FC;England;24/out/85;28;176;England;90;38;Yes
218306;WILLIAN;Midfielder;19;Chelsea FC;England;09/ago/88;25;176;Brazil;6;2;No
358891;Oleg SHATOV;Midfielder;17;FC Zenit St. Petersburg;Russia;29/jul/90;23;176;Russia;6;2;Yes
309316;Mario GOETZE;Forward;19;FC Bayern Muenchen;Germany;03/jun/92;22;176;Germany;28;7;Yes
375459;Fidel MARTINEZ;Midfielder;20;Club Tijuana;Mexico;15/fev/90;24;176;Ecuador;8;2;No
300235;Victor FAYZULIN;Midfielder;20;FC Zenit St. Petersburg;Russia;22/abr/86;28;176;Russia;18;4;Yes
344714;Ahmed MUSA;Forward;7;CSKA Moscow;Russia;14/out/92;21;176;Nigeria;37;5;No
218253;Carlos SALCIDO;Defender;3;Tigres UANL;Mexico;02/abr/80;34;176;Mexico;120;10;Yes
323698;Vincent ABOUBAKAR;Forward;10;FC Lorient;France;22/jan/92;22;176;Cameroon;24;2;No
168832;Georgios KARAGOUNIS;Midfielder;10;Fulham FC;England;06/mar/77;37;176;Greece;134;10;No
303394;Carlos PENA;Midfielder;21;Club Leon;Mexico;29/mar/90;24;176;Mexico;14;1;Yes
230114;Jorge CLAROS;Midfielder;20;CD Motagua;Honduras;08/jan/86;28;176;Honduras;49;3;Yes
268474;Atsuto UCHIDA;Defender;2;FC Schalke 04;Germany;27/mar/88;26;176;Japan;67;2;No
185359;Diego PEREZ;Midfielder;15;Bologna FC;Italy;18/mai/80;34;176;Uruguay;89;2;No
237071;Boniek GARCIA;Midfielder;14;Houston Dynamo;USA;04/set/84;29;176;Honduras;90;2;No
216438;Igor DENISOV;Midfielder;7;FC Dynamo Moscow;Russia;17/mai/84;30;176;Russia;43;0;Yes
317072;Henri BEDIMO;Defender;12;Olympique Lyonnais;France;04/jun/84;30;176;Cameroon;30;0;No
321736;Gotoku SAKAI;Defender;3;VfB Stuttgart;Germany;14/mar/91;23;176;Japan;12;0;No
370522;Serge AURIER;Defender;17;Toulouse FC;France;24/dez/92;21;176;Ivory Coast;7;0;No
339116;Massimo LUONGO;Midfielder;21;Swindon Town FC;England;25/set/92;21;176;Australia;1;0;No
227851;Oribe PERALTA;Forward;19;Club Santos Laguna;Mexico;12/jan/84;30;177;Mexico;27;15;Yes
338673;Uche NWOFOR;Forward;19;SC Heerenveen;Netherlands;17/set/91;22;177;Nigeria;6;3;No
296994;El Arabi SOUDANI;Forward;15;GNK Dinamo Zagreb;Croatia;25/nov/87;26;177;Algeria;21;10;No
214384;EDUARDO;Forward;22;Shakhtar Donetsk;Ukraine;25/fev/83;31;177;Croatia;62;29;No
275096;Yoichiro KAKITANI;Forward;11;Cerezo Osaka;Japan;03/jan/90;24;177;Japan;11;5;Yes
268149;LEE Keunho;Forward;11;Sangju Sangmu FC;South Korea;11/abr/85;29;177;South Korea;63;18;Yes
274090;Victor MOSES;Forward;11;Liverpool FC;England;12/dez/90;23;177;Nigeria;21;6;No
319358;Sofiane FEGHOULI;Forward;10;Valencia CF;Spain;26/dez/89;24;177;Algeria;18;5;No
356403;Izet HAJROVIC;Midfielder;20;Galatasaray SK;Turkey;04/ago/91;22;177;Bosnia & Herzegovina;8;2;No
316997;Enzo PEREZ;Midfielder;8;SL Benfica;Portugal;22/fev/86;28;177;Argentina;6;1;No
298892;Augusto FERNANDEZ;Midfielder;13;Celta Vigo;Spain;10/abr/86;28;177;Argentina;7;1;No
367396;Fabrice OLINGA;Forward;19;SV Zulte Waregem;Belgium;12/mai/96;18;177;Cameroon;7;1;No
360728;Graham ZUSI;Midfielder;19;Sporting Kansas City;USA;18/ago/86;27;177;USA;22;3;Yes
177876;Andrea PIRLO;Midfielder;21;Juventus FC;Italy;19/mai/79;35;177;Italy;108;13;Yes
353119;Max GRADEL;Midfielder;15;AS Saint-Etienne;France;30/nov/87;26;177;Ivory Coast;25;3;No
290605;James TROISI;Midfielder;14;Melbourne Victory FC;Australia;03/jul/88;25;177;Australia;10;1;Yes
271182;Michael BARRANTES;Midfielder;11;Aalesunds FK;Norway;04/out/83;30;177;Costa Rica;50;4;No
229439;Gonzalo JARA;Defender;18;Nottingham Forest FC;England;29/ago/85;28;177;Chile;65;3;No
228617;Mauricio ISLA;Defender;4;Juventus FC;Italy;12/jun/88;26;177;Chile;46;2;No
288961;Ehsan HAJI SAFI;Midfielder;3;Sepahan FC;Iran;25/fev/90;24;177;Iran;58;2;Yes
230117;Emilio IZAGUIRRE;Midfielder;7;Celtic FC;Scotland;10/mai/86;28;177;Honduras;65;1;No
207809;MAXWELL;Defender;14;Paris Saint-Germain FC;France;27/ago/81;32;177;Brazil;8;0;No
358893;Andrey ESHCHENKO;Defender;22;FC Anzhi Makhachkala;Russia;09/fev/84;30;177;Russia;11;0;Yes
276132;Jorge FUCILE;Defender;4;FC Porto;Portugal;19/nov/84;29;177;Uruguay;41;0;No
240718;Constant DJAKPA;Defender;18;Eintracht Frankfurt;Germany;17/out/86;27;177;Ivory Coast;4;0;No
228942;Alessio CERCI;Forward;11;Torino FC;Italy;23/jul/87;26;177;Italy;11;0;Yes
323574;Stephen ADAMS;Goalkeeper;1;Aduana Stars;Ghana;28/set/89;24;177;Ghana;6;0;Yes
358101;Muhamed BESIC;Midfielder;7;Ferencvarosi TC;Hungary;10/set/92;21;177;Bosnia & Herzegovina;9;0;No
298681;Jeremain LENS;Forward;17;FC Dynamo Kyiv;Ukraine;24/nov/87;26;178;Netherlands;21;7;No
307529;Joel CAMPBELL;Forward;9;Olympiacos Piraeus FC;Greece;26/jun/92;21;178;Costa Rica;32;9;No
302539;Alan DZAGOEV;Midfielder;10;CSKA Moscow;Russia;17/jun/90;24;178;Russia;32;8;Yes
266800;Angel DI MARIA;Midfielder;7;Real Madrid CF;Spain;14/fev/88;26;178;Argentina;45;9;No
216435;Alexander SAMEDOV;Forward;19;FC Lokomotiv Moscow;Russia;19/jul/84;29;178;Russia;16;3;Yes
371044;Miguel LAYUN;Defender;7;Club America;Mexico;25/jun/88;25;178;Mexico;12;2;Yes
267543;Arturo VIDAL;Midfielder;8;Juventus FC;Italy;22/mai/87;27;178;Chile;53;8;No
209979;Tranquillo BARNETTA;Midfielder;7;Eintracht Frankfurt;Germany;22/mai/85;29;178;Switzerland;74;10;No
296118;Benjamin MOUKANDJO;Forward;8;AS Nancy;France;12/nov/88;25;178;Cameroon;16;2;No
216567;Cristian RODRIGUEZ;Midfielder;7;Atletico Madrid;Spain;30/set/85;28;178;Uruguay;72;8;No
289195;Paul AGUILAR;Defender;22;Club America;Mexico;06/mar/86;28;178;Mexico;27;3;Yes
309714;Juan CUADRADO;Midfielder;11;ACF Fiorentina;Italy;26/mai/88;26;178;Columbia;27;3;No
291389;KIM Bokyung;Midfielder;7;Cardiff City FC;England;06/out/89;24;178;South Korea;27;3;No
336837;Diego CALVO;Midfielder;20;Valerenga IF;Norway;25/mar/91;23;178;Costa Rica;9;1;No
349574;Michael ARROYO;Midfielder;15;Atlante FC;Mexico;23/abr/87;27;178;Ecuador;19;2;No
237949;Andranik TIMOTIAN;Midfielder;14;Esteghlal Tehran FC;Iran;06/mar/83;31;178;Iran;77;8;Yes
358011;Mathieu DEBUCHY;Defender;2;Newcastle United FC;England;28/jul/85;28;178;France;20;2;No
177768;Yasuhito ENDO;Midfielder;7;Gamba Osaka;Japan;28/jan/80;34;178;Japan;143;12;Yes
209502;Jean BEAUSEJOUR;Midfielder;15;Wigan Athletic FC;England;01/jun/84;30;178;Chile;60;5;No
197411;Mark MILLIGAN;Midfielder;5;Melbourne Victory FC;Australia;04/ago/85;28;178;Australia;28;2;Yes
268822;Jose CUBERO;Midfielder;22;CS Herediano;Costa Rica;14/fev/87;27;178;Costa Rica;35;2;Yes
296273;Alejandro BEDOYA;Midfielder;11;FC Nantes;France;29/abr/87;27;178;USA;26;1;No
183796;Christian BOLANOS;Midfielder;7;FC Kobenhavn;Denmark;17/mai/84;30;178;Costa Rica;54;2;No
216880;Thomas VERMAELEN;Defender;3;Arsenal FC;England;14/nov/85;28;178;Belgium;48;1;No
267829;Martin CACERES;Defender;22;Juventus FC;Italy;07/abr/87;27;178;Uruguay;56;1;No
184373;Yasuyuki KONNO;Defender;15;Gamba Osaka;Japan;25/jan/83;31;178;Japan;80;1;Yes
178185;Noel VALLADARES;Goalkeeper;18;CD Olimpia;Honduras;03/mai/77;37;178;Honduras;120;0;Yes
195231;Jose CORONA;Goalkeeper;1;Cruz Azul FC;Mexico;26/jan/81;33;178;Mexico;32;0;Yes
214874;Patrick PEMBERTON;Goalkeeper;18;LD Alajuelense;Costa Rica;24/abr/82;32;178;Costa Rica;20;0;Yes
306180;Benoit ASSOU EKOTTO;Defender;2;Queens Park Rangers FC;England;24/mar/84;30;178;Cameroon;21;0;No
329737;Ghasem HADADIFAR;Midfielder;11;Zob Ahan Isfahan FC;Iran;12/jul/83;30;178;Iran;16;0;Yes
254091;Paul VERHAEGH;Defender;12;FC Augsburg;Germany;01/set/83;30;178;Netherlands;2;0;No
349582;Francisco SILVA;Midfielder;5;CA Osasuna;Spain;11/fev/86;28;178;Chile;11;0;No
201001;Fernando GAGO;Midfielder;5;CA Boca Juniors;Argentina;10/abr/86;28;178;Argentina;47;0;Yes
321731;Ioannis MANIATIS;Midfielder;2;Olympiacos Piraeus FC;Greece;12/out/86;27;178;Greece;29;0;Yes
359375;SAMMIR;Midfielder;19;Getafe CF;Spain;23/abr/87;27;178;Croatia;5;0;No
379889;Steven BEITASHOUR;Defender;20;Vancouver Whitecaps FC;Canada;01/fev/87;27;178;Iran;6;0;No
358881;Alexey IONOV;Forward;21;FC Dynamo Moscow;Russia;18/fev/89;25;178;Russia;5;0;Yes
370438;Sammy NDJOCK;Goalkeeper;23;Fethiyespor;Turkey;25/fev/90;24;178;Cameroon;2;0;No
270948;Cesar AZPILICUETA;Midfielder;22;Chelsea FC;England;28/ago/89;24;178;Spain;6;0;No
355859;Loic FEUDJOU;Goalkeeper;1;Coton Sport FC;Cameroon;14/abr/92;22;178;Cameroon;1;0;Yes
313410;KOKE;Midfielder;17;Atletico Madrid;Spain;08/jan/92;22;178;Spain;7;0;Yes
336098;Memphis DEPAY;Forward;21;PSV Eindhoven;Netherlands;13/fev/94;20;178;Netherlands;6;0;Yes
306532;Daniel STURRIDGE;Forward;9;Liverpool FC;England;01/set/89;24;179;England;11;4;Yes
230517;Theofanis GEKAS;Forward;17;Konyaspor;Turkey;23/mai/80;34;179;Greece;71;24;No
373400;Enner VALENCIA;Forward;13;CF Pachuca;Mexico;04/nov/89;24;179;Ecuador;9;3;No
270144;Marcos URENA;Forward;21;Kuban Krasnodar;Russia;05/mar/90;24;179;Costa Rica;23;7;No
366573;Saphir TAIDER;Midfielder;19;FC Internazionale;Italy;29/fev/92;22;179;Algeria;10;3;No
313874;Esteban PAREDES;Forward;22;CSD Colo-Colo;Chile;01/ago/80;33;179;Chile;34;10;Yes
318172;HULK;Forward;7;FC Zenit St. Petersburg;Russia;25/jul/86;27;179;Brazil;34;9;No
183000;Sulley MUNTARI;Midfielder;11;AC Milan;Italy;27/ago/84;29;179;Ghana;80;21;No
290186;GERVINHO;Forward;10;AS Roma;Italy;27/mai/87;27;179;Ivory Coast;52;13;No
234551;Giovani DOS SANTOS;Forward;10;Villarreal CF;Spain;11/mai/89;25;179;Mexico;73;15;No
290903;Kevin MIRALLAS;Forward;11;Everton FC;England;05/out/87;26;179;Belgium;44;9;No
208016;FERNANDINHO;Midfielder;5;Manchester City FC;England;04/mai/85;29;179;Brazil;6;1;No
210214;RAUL MEIRELES;Midfielder;16;Fenerbahce SK;Turkey;17/mar/83;31;179;Portugal;73;10;No
297331;Valentin STOCKER;Midfielder;14;FC Basel;Switzerland;12/abr/89;25;179;Switzerland;24;3;Yes
313805;Heiner MORA;Defender;8;Deportivo Saprissa;Costa Rica;20/jun/84;29;179;Costa Rica;21;1;Yes
233497;Masahiko INOHA;Defender;19;Jubilo Iwata;Japan;28/ago/85;28;179;Japan;21;1;Yes
298664;Claudio MARCHISIO;Midfielder;8;Juventus FC;Italy;19/jan/86;28;179;Italy;43;2;Yes
216650;Gelson FERNANDES;Midfielder;16;SC Freiburg;Germany;02/set/86;27;179;Switzerland;47;2;No
181930;Jorge GUAGUA;Defender;2;CS Emelec;Ecuador;28/set/81;32;179;Ecuador;58;2;Yes
216646;Blerim DZEMAILI;Midfielder;15;SSC Napoli;Italy;12/abr/86;28;179;Switzerland;34;1;No
229436;Carlos CARMONA;Midfielder;6;Atalanta Bergamo;Italy;21/fev/87;27;179;Chile;44;1;No
238381;Samuel INKOOM;Defender;2;FC Platanias;Greece;01/jun/89;25;179;Ghana;46;1;No
179038;JULIO CESAR;Goalkeeper;12;Toronto FC;Canada;03/set/79;34;179;Brazil;79;0;No
323339;Djamel MESBAH;Defender;6;AS Livorno;Italy;09/out/84;29;179;Algeria;26;0;No
367555;Die SEREY;Midfielder;20;FC Basel;Switzerland;07/nov/84;29;179;Ivory Coast;6;0;No
278126;KIM Changsoo;Defender;2;Kashiwa Reysol;Japan;12/set/85;28;179;South Korea;8;0;No
296312;Edder DELGADO;Midfielder;12;Real Espana;Honduras;20/nov/86;27;179;Honduras;26;0;Yes
349576;Juan PAREDES;Defender;4;Barcelona SC;Ecuador;08/jul/87;26;179;Ecuador;37;0;Yes
361222;Adam LALLANA;Midfielder;20;Southampton FC;England;10/mai/88;26;179;England;4;0;Yes
228691;Alexander MEJIA;Midfielder;15;Atletico Nacional;Columbia;11/jul/88;25;179;Columbia;8;0;Yes
358869;Georgy SHCHENNIKOV;Defender;3;CSKA Moscow;Russia;27/abr/91;23;179;Russia;3;0;Yes
379942;Riyad MAHREZ;Forward;21;Leicester City FC;England;21/fev/91;23;179;Algeria;1;0;No
306364;Jason DAVIDSON;Defender;3;SC Heracles Almelo;Netherlands;29/jun/91;22;179;Australia;6;0;No
346731;Bakhtiar RAHMANI;Midfielder;18;Foolad Khuzestan FC;Iran;23/set/91;22;179;Iran;3;0;Yes
307541;Yeltsin TEJEDA;Midfielder;17;Deportivo Saprissa;Costa Rica;17/mar/92;22;179;Costa Rica;22;0;Yes
359223;Mattia DE SCIGLIO;Defender;2;AC Milan;Italy;20/out/92;21;179;Italy;10;0;Yes
368860;Lucas DIGNE;Defender;17;Paris Saint-Germain FC;France;20/jul/93;20;179;France;2;0;Yes
212306;Didier DROGBA;Forward;11;Galatasaray SK;Turkey;11/mar/78;36;180;Ivory Coast;100;61;No
379894;Miiko ALBORNOZ;Defender;3;Malmo FF;Sweden;30/nov/90;23;180;Chile;2;1;No
213001;Tim CAHILL;Forward;4;New York Red Bulls;USA;06/dez/79;34;180;Australia;68;32;No
309716;Teofilo GUTIERREZ;Forward;9;CA River Plate;Argentina;17/mai/85;29;180;Columbia;29;12;No
196789;Lukas PODOLSKI;Forward;10;Arsenal FC;England;04/jun/85;29;180;Germany;113;46;No
214135;Pierre WEBO;Forward;15;Fenerbahce SK;Turkey;20/jan/82;32;180;Cameroon;54;19;No
352394;Marco REUS;Forward;21;Borussia Dortmund;Germany;31/mai/89;25;180;Germany;20;7;Yes
305036;Mesut OEZIL;Midfielder;8;Arsenal FC;England;15/out/88;25;180;Germany;54;17;No
216071;Zvjezdan MISIMOVIC;Midfielder;10;Guizhou Renhe FC;China;05/jun/82;32;180;Bosnia & Herzegovina;81;25;No
184616;Arjen ROBBEN;Forward;11;FC Bayern Muenchen;Germany;23/jan/84;30;180;Netherlands;74;22;No
184291;Maxi RODRIGUEZ;Midfielder;11;CA Newells Old Boys;Argentina;02/jan/81;33;180;Argentina;53;15;Yes
356198;Alex OXLADE CHAMBERLAIN;Midfielder;15;Arsenal FC;England;15/ago/93;20;180;England;14;3;Yes
269058;James RODRIGUEZ;Midfielder;10;AS Monaco;France;12/jul/91;22;180;Columbia;21;4;No
254166;VARELA;Forward;18;FC Porto;Portugal;02/fev/85;29;180;Portugal;22;4;Yes
299198;Miralem PJANIC;Midfielder;8;AS Roma;Italy;02/abr/90;24;180;Bosnia & Herzegovina;48;8;No
175524;Michael ESSIEN;Midfielder;5;AC Milan;Italy;03/dez/82;31;180;Ghana;57;9;No
207906;JUANFRAN;Defender;5;Atletico Madrid;Spain;09/jan/85;29;180;Spain;7;1;Yes
202544;Antonio VALENCIA;Midfielder;16;Manchester United FC;England;04/ago/85;28;180;Ecuador;70;8;No
184545;Segundo CASTILLO;Midfielder;14;Al Hilal FC;Saudi Arabia;15/mai/82;32;180;Ecuador;81;9;No
268414;LEE Chungyong;Midfielder;17;Bolton Wanderers FC;England;02/jul/88;25;180;South Korea;54;6;No
304934;Roger ESPINOZA;Midfielder;15;Wigan Athletic FC;England;25/out/86;27;180;Honduras;41;4;No
239424;HERNANES;Midfielder;18;FC Internazionale;Italy;29/mai/85;29;180;Brazil;24;2;No
196605;Stephan LICHTSTEINER;Defender;2;Juventus FC;Italy;16/jan/84;30;180;Switzerland;63;5;No
295157;Hashem BEIKZADEH;Midfielder;19;Esteghlal Tehran FC;Iran;22/jan/84;30;180;Iran;17;1;Yes
310048;Enoh EYONG;Midfielder;18;Antalyaspor AS;Turkey;23/mar/86;28;180;Cameroon;35;2;No
228936;Ignazio ABATE;Defender;7;AC Milan;Italy;12/nov/86;27;180;Italy;19;1;Yes
239237;Carl MEDJANI;Defender;12;Valenciennes FC;France;15/mai/85;29;180;Algeria;25;1;No
289027;Makoto HASEBE;Midfielder;17;1. FC Nuernberg;Germany;18/jan/84;30;180;Japan;78;2;No
197464;Glen JOHNSON;Defender;2;Liverpool FC;England;23/ago/84;29;180;England;51;1;Yes
208120;Michael UMANA;Defender;4;Deportivo Saprissa;Costa Rica;16/jul/82;31;180;Costa Rica;81;1;Yes
178958;Boubacar BARRY;Goalkeeper;1;KSC Lokeren;Belgium;30/dez/79;34;180;Ivory Coast;76;0;No
213871;Donis ESCOBER;Goalkeeper;22;CD Olimpia;Honduras;03/fev/81;33;180;Honduras;20;0;Yes
181951;Brad DAVIS;Midfielder;14;Houston Dynamo;USA;08/nov/81;32;180;USA;16;0;Yes
216432;Yury ZHIRKOV;Forward;18;FC Dynamo Moscow;Russia;20/ago/83;30;180;Russia;60;0;Yes
299064;RUBEN AMORIM;Midfielder;20;SL Benfica;Portugal;27/jan/85;29;180;Portugal;11;0;Yes
376071;Fatawu DAUDA;Goalkeeper;16;Orlando Pirates;South Africa;06/abr/85;29;180;Ghana;17;0;No
290822;Laurent CIMAN;Defender;23;Standard Liege;Belgium;05/ago/85;28;180;Belgium;8;0;Yes
363578;LEE Yong;Defender;12;Ulsan Hyundai FC;South Korea;24/dez/86;27;180;South Korea;11;0;Yes
267344;Mehrdad POOLADI;Defender;23;Perspolis FC;Iran;26/fev/87;27;180;Iran;19;0;Yes
298662;Antonio CANDREVA;Midfielder;6;SS Lazio;Italy;28/fev/87;27;180;Italy;19;0;Yes
370062;Ivan FRANJIC;Defender;2;Brisbane Roar FC;Australia;10/set/87;26;180;Australia;8;0;Yes
295149;James HOLLAND;Midfielder;16;FK Austria Wien;Austria;15/mai/89;25;180;Australia;13;0;No
291398;PARK Jongwoo;Midfielder;15;Guangzhou R&F FC;China;10/mar/89;25;180;South Korea;10;0;No
332293;Giovanni SIO;Forward;21;FC Basel;Switzerland;31/mar/89;25;180;Ivory Coast;7;0;No
329092;Hector HERRERA;Midfielder;6;FC Porto;Portugal;19/abr/90;24;180;Mexico;12;0;No
319432;Daley BLIND;Defender;5;AFC Ajax;Netherlands;09/mar/90;24;180;Netherlands;11;0;Yes
379164;Ben HALLORAN;Forward;10;Fortuna Duesseldorf;Germany;14/jun/92;22;180;Australia;1;0;No
313559;Ricardo RODRIGUEZ;Defender;13;VfL Wolfsburg;Germany;25/ago/92;21;180;Switzerland;21;0;No
376360;Ismael DIOMANDE;Midfielder;14;AS Saint-Etienne;France;28/ago/92;21;180;Ivory Coast;1;0;No
367557;Jean Daniel AKPA;Defender;7;Toulouse FC;France;11/out/92;21;180;Ivory Coast;1;0;No
369050;Ivan MOCINIC;Midfielder;15;HNK Rijeka;Croatia;30/abr/93;21;180;Croatia;0;0;Yes
380000;Marcelo BROZOVIC;Midfielder;14;GNK Dinamo Zagreb;Croatia;16/nov/92;21;180;Croatia;0;0;Yes
379910;Adnan JANUZAJ;Midfielder;20;Manchester United FC;England;05/fev/95;19;180;Belgium;0;0;No
362641;Reza GHOOCHANNEJAD;Forward;16;Charlton Athletic FC;England;20/set/87;26;181;Iran;13;9;No
270775;Luis SUAREZ;Forward;9;Liverpool FC;England;24/jan/87;27;181;Uruguay;77;39;No
170667;Samuel ETOO;Forward;9;Chelsea FC;England;10/mar/81;33;181;Cameroon;117;54;No
189259;Diego FORLAN;Forward;10;Cerezo Osaka;Japan;19/mai/79;35;181;Uruguay;109;36;No
312868;OSCAR;Midfielder;11;Chelsea FC;England;09/set/91;22;181;Brazil;30;9;No
349512;Carlos BACCA;Forward;17;Sevilla FC;Spain;08/set/86;27;181;Columbia;10;3;No
185385;Frank LAMPARD;Midfielder;8;Chelsea FC;England;20/jun/78;36;181;England;103;29;Yes
358120;Kevin DE BRUYNE;Midfielder;7;VfL Wolfsburg;Germany;28/jun/91;22;181;Belgium;22;5;No
213953;Jerry PALACIOS;Midfielder;9;LD Alajuelense;Costa Rica;13/mai/82;32;181;Honduras;23;5;No
362727;PAULINHO;Midfielder;8;Tottenham Hotspur FC;England;25/jul/88;25;181;Brazil;25;5;No
379886;Alireza JAHAN BAKHSH;Forward;9;NEC Nijmegen;Netherlands;11/ago/93;20;181;Iran;5;1;No
214228;Peter ODEMWINGIE;Forward;8;Stoke City FC;England;15/jul/81;32;181;Nigeria;60;10;No
321697;Mathew LECKIE;Forward;7;FSV Frankfurt;Germany;04/fev/91;23;181;Australia;7;1;No
298959;RAMIRES;Midfielder;16;Chelsea FC;England;24/mar/87;27;181;Brazil;42;4;No
261029;Gokhan INLER;Midfielder;8;SSC Napoli;Italy;27/jun/84;29;181;Switzerland;73;6;No
269784;FABIO COENTRAO;Defender;5;Real Madrid CF;Spain;11/mar/88;26;181;Portugal;43;3;No
209827;Wilson PALACIOS;Midfielder;8;Stoke City FC;England;29/jul/84;29;181;Honduras;93;5;No
279417;Cristhian NOBOA;Midfielder;6;FC Dynamo Moscow;Russia;09/abr/85;29;181;Ecuador;41;2;No
200201;MIGUEL VELOSO;Midfielder;4;FC Dynamo Kyiv;Ukraine;11/mai/86;28;181;Portugal;47;2;No
175512;Kyle BECKERMAN;Midfielder;15;Real Salt Lake;USA;23/abr/82;32;181;USA;36;1;Yes
356612;Hugo CAMPAGNARO;Defender;3;FC Internazionale;Italy;27/jun/80;33;181;Argentina;13;0;No
199160;Daniel CAMBRONERO;Goalkeeper;23;CS Herediano;Costa Rica;08/jan/86;28;181;Costa Rica;2;0;Yes
228624;Cristopher TOSELLI;Goalkeeper;12;CD Universidad Catolica;Chile;15/jun/88;26;181;Chile;4;0;Yes
339117;Maty RYAN;Goalkeeper;1;Club Brugge KV;Belgium;08/abr/92;22;181;Australia;6;0;No
369546;Eder BALANTA;Defender;16;CA River Plate;Argentina;28/fev/93;21;181;Columbia;2;0;No
339987;Mateo KOVACIC;Midfielder;20;FC Internazionale;Italy;06/mai/94;20;181;Croatia;9;0;No
182206;Miroslav KLOSE;Forward;11;SS Lazio;Italy;09/jun/78;36;182;Germany;131;68;No
339508;Chris WONDOLOWSKI;Forward;18;San Jose Earthquakes;USA;28/jan/83;31;182;USA;19;9;Yes
356399;Josip DRMIC;Forward;19;1. FC Nuernberg;Germany;08/ago/92;21;182;Switzerland;7;3;No
364763;Emmanuel EMENIKE;Forward;9;Fenerbahce SK;Turkey;10/mai/87;27;182;Nigeria;22;9;No
187203;HELDER POSTIGA;Forward;23;SS Lazio;Italy;02/ago/82;31;182;Portugal;67;27;No
275136;Yuya OSAKO;Forward;18;TSV 1860 Muenchen;Germany;18/mai/90;24;182;Japan;8;3;No
233500;Keisuke HONDA;Forward;4;AC Milan;Italy;13/jun/86;28;182;Japan;55;20;No
353118;Wilfried BONY;Forward;12;Swansea City AFC;England;10/dez/88;25;182;Ivory Coast;23;8;No
291393;KOO Jacheol;Forward;13;FSV Mainz 05;Germany;27/fev/89;25;182;South Korea;36;12;No
196812;Ashkan DEJAGAH;Forward;21;Fulham FC;England;05/jul/86;27;182;Iran;13;4;No
367347;Aron JOHANNSSON;Forward;9;AZ Alkmaar;Netherlands;10/nov/90;23;182;USA;8;2;No
358048;Alexander KOKORIN;Forward;9;FC Dynamo Moscow;Russia;19/mar/91;23;182;Russia;21;5;Yes
210704;Darijo SRNA;Defender;11;Shakhtar Donetsk;Ukraine;01/mai/82;32;182;Croatia;111;21;No
178299;Mark BRESCIANO;Midfielder;23;Al Gharafa SC;Qatar;11/fev/80;34;182;Australia;73;13;No
196897;Kevin Prince BOATENG;Forward;9;FC Schalke 04;Germany;06/mar/87;27;182;Ghana;12;2;No
209119;Daniele DE ROSSI;Midfielder;16;AS Roma;Italy;24/jul/83;30;182;Italy;94;15;Yes
312672;Mix DISKERUD;Midfielder;10;Rosenborg BK;Norway;02/out/90;23;182;USA;19;3;No
275162;Toni KROOS;Midfielder;18;FC Bayern Muenchen;Germany;04/jan/90;24;182;Germany;43;5;Yes
358049;Denis GLUSHAKOV;Midfielder;8;FC Spartak Moscow;Russia;27/jan/87;27;182;Russia;26;3;Yes
229502;Alvaro PEREIRA;Midfielder;6;Sao Paulo FC;Brazil;28/nov/85;28;182;Uruguay;56;6;No
300407;Sejad SALIHOVIC;Midfielder;23;TSG 1899 Hoffenheim;Germany;08/out/84;29;182;Bosnia & Herzegovina;42;4;No
299086;Lazaros CHRISTODOULOPOULOS;Midfielder;16;Bologna FC;Italy;19/dez/86;27;182;Greece;18;1;No
311174;Fabian JOHNSON;Defender;23;TSG 1899 Hoffenheim;Germany;11/dez/87;26;182;USA;21;1;No
300237;Dmitry KOMBAROV;Defender;23;FC Spartak Moscow;Russia;22/jan/87;27;182;Russia;22;1;Yes
289964;THIAGO SILVA;Defender;3;Paris Saint-Germain FC;France;22/set/84;29;182;Brazil;45;2;No
306634;Jonathan MENSAH;Defender;19;Evian TG FC;France;13/jul/90;23;182;Ghana;25;1;No
238112;Hector MORENO;Defender;15;RCD Espanyol;Spain;17/jan/88;26;182;Mexico;52;1;No
184982;Nick RIMANDO;Goalkeeper;22;Real Salt Lake;USA;17/jun/79;35;182;USA;14;0;Yes
298516;Rahman AHMADI;Goalkeeper;1;Sepahan FC;Iran;30/jul/80;33;182;Iran;11;0;Yes
354873;Mehdi MOSTEFA;Midfielder;22;AC Ajaccio;France;30/ago/83;30;182;Algeria;22;0;No
356166;Cedric SI MOHAMMED;Goalkeeper;1;CS Constantine;Algeria;09/jan/85;29;182;Algeria;1;0;Yes
298676;HA Daesung;Midfielder;8;Beijing Guoan;China;02/mar/85;29;182;South Korea;13;0;No
280487;Carlos SANCHEZ;Midfielder;6;Elche CF;Spain;06/fev/86;28;182;Columbia;43;0;No
359997;Avdija VRSAJEVIC;Midfielder;2;HNK Hajduk Split;Croatia;06/mar/86;28;182;Bosnia & Herzegovina;13;0;No
367433;Matt BESLER;Defender;5;Sporting Kansas City;USA;11/fev/87;27;182;USA;16;0;Yes
329745;Hossein MAHINI;Defender;13;Perspolis FC;Iran;16/set/86;27;182;Iran;21;0;Yes
274283;YUN Sukyoung;Defender;3;Queens Park Rangers FC;England;13/fev/90;24;182;South Korea;3;0;No
356518;HWANG Seokho;Defender;6;Sanfrecce Hiroshima;Japan;27/jun/89;24;182;South Korea;3;0;No
288824;Matteo DARMIAN;Defender;4;Torino FC;Italy;02/dez/89;24;182;Italy;1;0;Yes
380009;Luis LOPEZ;Goalkeeper;1;Real Espana;Honduras;13/set/93;20;182;Honduras;0;0;Yes
367261;Nabil GHILAS;Forward;9;FC Porto;Portugal;20/abr/90;24;183;Algeria;5;2;No
207761;PARK Chuyoung;Forward;10;Watford FC;England;10/jul/85;28;183;South Korea;62;24;No
228715;Felipe CAICEDO;Forward;11;Al Jazira SCC;United Arab Emirates;05/set/88;25;183;Ecuador;49;15;No
297383;Roman SHIROKOV;Midfielder;15;FC Krasnodar;Russia;06/jul/81;32;183;Russia;41;12;Yes
307849;SON Heungmin;Midfielder;9;Bayer 04 Leverkusen;Germany;08/jul/92;21;183;South Korea;24;6;No
196752;Bastian SCHWEINSTEIGER;Midfielder;7;FC Bayern Muenchen;Germany;01/ago/84;29;183;Germany;101;23;Yes
187258;Ivica OLIC;Forward;18;VfL Wolfsburg;Germany;14/set/79;34;183;Croatia;91;18;No
311558;Granit XHAKA;Midfielder;10;Borussia Moenchengladbach;Germany;27/set/92;21;183;Switzerland;26;4;No
207528;Xabi ALONSO;Midfielder;14;Real Madrid CF;Spain;25/nov/81;32;183;Spain;109;15;Yes
268594;Masato MORISHIGE;Defender;6;FC Tokyo;Japan;21/mai/87;27;183;Japan;9;1;Yes
290821;Axel WITSEL;Midfielder;6;FC Zenit St. Petersburg;Russia;12/jan/89;25;183;Belgium;48;5;No
214887;Konstantinos KATSOURANIS;Midfielder;21;PAOK FC;Greece;21/jun/79;35;183;Greece;110;9;Yes
299960;Phil JAGIELKA;Defender;6;Everton FC;England;17/ago/82;31;183;England;25;2;Yes
216814;Sergio RAMOS;Defender;15;Real Madrid CF;Spain;30/mar/86;28;183;Spain;115;9;Yes
178963;Kolo TOURE;Defender;4;Liverpool FC;England;19/mar/81;33;183;Ivory Coast;106;6;No
210212;RICARDO COSTA;Defender;13;Valencia CF;Spain;16/mai/81;33;183;Portugal;18;1;No
356409;Admir MEHMEDI;Forward;18;SC Freiburg;Germany;16/mar/91;23;183;Switzerland;21;1;No
216069;Emir SPAHIC;Defender;4;Bayer 04 Leverkusen;Germany;18/ago/80;33;183;Bosnia & Herzegovina;74;3;No
358099;Senad LULIC;Midfielder;16;SS Lazio;Italy;18/jan/86;28;183;Bosnia & Herzegovina;33;1;No
356459;Godfrey OBOABONA;Defender;14;Caykur Rizespor;Turkey;16/set/90;23;183;Nigeria;34;1;No
216642;Reto ZIEGLER;Defender;3;US Sassuolo;Italy;16/jan/86;28;183;Switzerland;35;1;No
176971;Didier ZOKORA;Defender;5;Trabzonspor;Turkey;14/dez/80;33;183;Ivory Coast;119;1;No
178630;Johnny HERRERA;Goalkeeper;23;Club Universidad de Chile;Chile;09/mai/81;33;183;Chile;7;0;Yes
214404;BETO;Goalkeeper;22;Sevilla FC;Spain;01/mai/82;32;183;Portugal;7;0;No
196620;Steve VON BERGEN;Defender;5;BSC Young Boys;Switzerland;10/jun/83;31;183;Switzerland;41;0;Yes
254089;Michel VORM;Goalkeeper;22;Swansea City AFC;England;20/out/83;30;183;Netherlands;14;0;No
182620;Alex WILKINSON;Defender;22;Jeonbuk Hyundai Motors FC;South Korea;13/ago/84;29;183;Australia;2;0;No
229450;Gabriel ACHILIER;Defender;21;CS Emelec;Ecuador;24/mar/85;29;183;Ecuador;22;0;Yes
214581;Shusaku NISHIKAWA;Goalkeeper;12;Urawa Red Diamonds;Japan;18/jun/86;28;183;Japan;12;0;Yes
301165;Oscar GRANADOS;Midfielder;13;CS Herediano;Costa Rica;25/out/85;28;183;Costa Rica;11;0;Yes
200259;Dany NOUNKEU;Defender;5;Besiktas JK;Turkey;11/abr/86;28;183;Cameroon;15;0;No
319298;Georgios TZAVELAS;Defender;3;PAOK FC;Greece;26/nov/87;26;183;Greece;13;0;Yes
200261;Alexandre SONG;Midfielder;6;FC Barcelona;Spain;09/set/87;26;183;Cameroon;46;0;No
228686;David OSPINA;Goalkeeper;1;OGC Nice;France;31/ago/88;25;183;Columbia;43;0;No
319460;Yann SOMMER;Goalkeeper;12;FC Basel;Switzerland;17/dez/88;25;183;Switzerland;6;0;Yes
274329;HAN Kookyoung;Midfielder;14;Kashiwa Reysol;Japan;19/abr/90;24;183;South Korea;9;0;No
312116;Gaston RAMIREZ;Midfielder;18;Southampton FC;England;02/dez/90;23;183;Uruguay;28;0;No
336485;Sime VRSALJKO;Defender;2;Genoa CFC;Italy;10/jan/92;22;183;Croatia;6;0;No
379952;Erik DURM;Defender;15;Borussia Dortmund;Germany;12/mai/92;22;183;Germany;1;0;Yes
313051;Joel VELTMAN;Defender;13;AFC Ajax;Netherlands;15/jan/92;22;183;Netherlands;2;0;Yes
376230;Sead KOLASINAC;Defender;5;FC Schalke 04;Germany;20/jun/93;20;183;Bosnia & Herzegovina;4;0;No
336085;Terence KONGOLO;Defender;14;Feyenoord Rotterdam;Netherlands;14/fev/94;20;183;Netherlands;1;0;Yes
271550;Gonzalo HIGUAIN;Forward;9;SSC Napoli;Italy;10/dez/87;26;184;Argentina;36;20;No
306548;Andre SCHUERRLE;Forward;9;Chelsea FC;England;06/nov/90;23;184;Germany;32;12;No
274034;Danny WELBECK;Forward;11;Manchester United FC;England;26/nov/90;23;184;England;22;8;Yes
217313;Dirk KUYT;Forward;15;Fenerbahce SK;Turkey;22/jul/80;33;184;Netherlands;98;24;No
236530;Celso BORGES;Midfielder;5;AIK Solna;Sweden;27/mai/88;26;184;Costa Rica;61;13;No
296633;Ivan RAKITIC;Midfielder;7;Sevilla FC;Spain;10/mar/88;26;184;Croatia;61;9;No
215623;Alberto AQUILANI;Midfielder;14;ACF Fiorentina;Italy;07/jul/84;29;184;Italy;34;5;Yes
178119;Rafael MARQUEZ;Defender;4;Club Leon;Mexico;13/fev/79;35;184;Mexico;119;15;Yes
200847;Adrian RAMOS;Forward;19;Hertha BSC;Germany;22/jan/86;28;184;Columbia;25;2;No
297377;Ognjen VUKOJEVIC;Midfielder;8;FC Dynamo Kyiv;Ukraine;20/dez/83;30;184;Croatia;55;4;No
233703;Martin DEMICHELIS;Defender;15;Manchester City FC;England;20/dez/80;33;184;Argentina;37;2;No
358022;Jose CHOLEVAS;Defender;20;Olympiacos Piraeus FC;Greece;27/jun/84;29;184;Greece;21;1;Yes
183893;Jermaine JONES;Midfielder;13;Besiktas JK;Turkey;03/nov/81;32;184;USA;43;2;No
299896;Domagoj VIDA;Defender;21;FC Dynamo Kyiv;Ukraine;29/abr/89;25;184;Croatia;22;1;No
216627;Valon BEHRAMI;Midfielder;11;SSC Napoli;Italy;19/abr/85;29;184;Switzerland;48;2;No
213879;Maynor FIGUEROA;Defender;3;Hull City FC;England;02/mai/83;31;184;Honduras;100;3;No
182021;Mickael LANDREAU;Goalkeeper;23;SC Bastia;France;14/mai/79;35;184;France;11;0;Yes
215484;Loukas VYNTRA;Defender;11;Levante UD;Spain;05/fev/81;33;184;Greece;49;0;No
299904;Mensur MUJDZA;Midfielder;13;SC Freiburg;Germany;28/mar/84;30;184;Bosnia & Herzegovina;24;0;No
358046;Vladimir GRANAT;Defender;13;FC Dynamo Moscow;Russia;22/mai/87;27;184;Russia;4;0;Yes
199175;Keylor NAVAS;Goalkeeper;1;Levante UD;Spain;15/dez/86;27;184;Costa Rica;52;0;No
360109;Panagiotis KONE;Midfielder;8;Bologna FC;Italy;26/jul/87;26;184;Greece;15;0;No
312987;Oscar DUARTE;Defender;6;Club Brugge KV;Belgium;03/jun/89;25;184;Costa Rica;10;0;No
306780;Ciro IMMOBILE;Forward;17;Torino FC;Italy;20/fev/90;24;184;Italy;2;0;Yes
374529;Anel HADZIC;Midfielder;21;SK Sturm Graz;Austria;16/ago/89;24;184;Bosnia & Herzegovina;2;0;No
356710;Ruben GABRIEL;Midfielder;4;KV Waasland-Beveren;Belgium;25/set/90;23;184;Nigeria;10;0;No
364088;Faouzi GHOULAM;Defender;3;SSC Napoli;Italy;01/fev/91;23;184;Algeria;5;0;No
356712;Juwon OSHANIWA;Defender;13;FC Ashdod;Israel;14/set/90;23;184;Nigeria;9;0;No
376285;Aissa MANDI;Defender;20;Stade de Reims;France;22/out/91;22;184;Algeria;2;0;No
358885;Maksim KANUNNIKOV;Forward;6;FK Amkar Perm;Russia;14/jul/91;22;184;Russia;2;0;Yes
368655;Jose GIMENEZ;Defender;13;Atletico Madrid;Spain;20/jan/95;19;184;Uruguay;5;0;No
336450;Luke SHAW;Defender;23;Southampton FC;England;12/jul/95;18;184;England;1;0;Yes
379165;Bailey WRIGHT;Defender;8;Preston North End FC;England;28/jul/92;21;184;Australia;0;0;No
201200;CRISTIANO RONALDO;Forward;7;Real Madrid CF;Spain;05/fev/85;29;185;Portugal;110;49;No
207851;Clint DEMPSEY;Forward;8;Seattle Sounders FC;USA;09/mar/83;31;185;USA;103;36;Yes
238072;Jozy ALTIDORE;Forward;17;Sunderland AFC;England;06/nov/89;24;185;USA;68;20;No
297103;Karim BENZEMA;Forward;10;Real Madrid CF;Spain;19/dez/87;26;185;France;65;19;No
369058;Ante REBIC;Forward;16;ACF Fiorentina;Italy;21/set/93;20;185;Croatia;4;1;No
330659;Karim ANSARI FARD;Forward;10;Tractor Sazi Tabriz FC;Iran;03/abr/90;24;185;Iran;40;9;Yes
299878;Loic REMY;Forward;20;Newcastle United FC;England;02/jan/87;27;185;France;24;5;No
214961;Steven GERRARD;Midfielder;4;Liverpool FC;England;30/mai/80;34;185;England;110;21;Yes
356407;Michael LANG;Defender;6;Grasshopper Club;Switzerland;08/fev/91;23;185;Switzerland;6;1;Yes
201787;Mauricio PINILLA;Forward;9;Cagliari Calcio;Italy;04/fev/84;30;185;Chile;25;4;No
212410;KWAK Taehwi;Defender;4;Al Hilal FC;Saudi Arabia;08/jul/81;32;185;South Korea;34;5;No
233531;Michael BRADLEY;Midfielder;4;Toronto FC;Canada;31/jul/87;26;185;USA;84;12;No
372989;Ermin BICAKCIC;Defender;3;Eintracht Braunschweig;Germany;24/jan/90;24;185;Bosnia & Herzegovina;7;1;No
228336;Vasileios TOROSIDIS;Defender;15;AS Roma;Italy;10/jun/85;29;185;Greece;65;7;No
213170;Masoud SHOJAEI;Forward;7;UD Las Palmas;Spain;09/jun/84;30;185;Iran;49;5;No
300402;Senijad IBRICIC;Midfielder;17;Kayseri Erciyesspor;Turkey;26/set/85;28;185;Bosnia & Herzegovina;44;4;No
290800;Dario VIDOSIC;Midfielder;20;FC Sion;Switzerland;08/abr/87;27;185;Australia;22;2;No
358692;Julian DRAXLER;Midfielder;14;FC Schalke 04;Germany;20/set/93;20;185;Germany;11;1;Yes
290825;Moussa DEMBELE;Midfielder;19;Tottenham Hotspur FC;England;16/jul/87;26;185;Belgium;56;5;No
178403;Joseph YOBO;Defender;2;Norwich City FC;England;06/set/80;33;185;Nigeria;96;7;No
278072;Jalal HOSSEINI;Defender;4;Perspolis FC;Iran;03/fev/82;32;185;Iran;83;6;Yes
213124;Amirhossein SADEGHI;Defender;5;Esteghlal Tehran FC;Iran;06/set/81;32;185;Iran;14;1;Yes
267647;Uwa ECHIEJILE;Defender;3;AS Monaco;France;20/jan/88;26;185;Nigeria;41;2;No
216006;Anthony VANDEN BORRE;Defender;21;RSC Anderlecht;Belgium;24/out/87;26;185;Belgium;25;1;Yes
229499;Diego GODIN;Defender;3;Atletico Madrid;Spain;16/fev/86;28;185;Uruguay;76;3;No
278732;Aurelien CHEDJOU;Defender;14;Galatasaray SK;Turkey;20/jun/85;28;185;Cameroon;29;1;No
209940;Junior DIAZ;Defender;15;FSV Mainz 05;Germany;12/set/83;30;185;Costa Rica;61;1;No
176644;Iker CASILLAS;Goalkeeper;1;Real Madrid CF;Spain;20/mai/81;33;185;Spain;153;0;Yes
216990;Charles ITANDJE;Goalkeeper;16;Konyaspor;Turkey;02/nov/82;31;185;Cameroon;9;0;No
202650;Claudio BRAVO;Goalkeeper;1;Real Sociedad;Spain;13/abr/83;31;185;Chile;79;0;No
198117;Eiji KAWASHIMA;Goalkeeper;1;Standard Liege;Belgium;20/mar/83;31;185;Japan;56;0;No
189300;Vincent ENYEAMA;Goalkeeper;1;Lille OSC;France;29/ago/82;31;185;Nigeria;90;0;No
215017;Igor AKINFEEV;Goalkeeper;1;CSKA Moscow;Russia;08/abr/86;28;185;Russia;68;0;Yes
358012;Laurent KOSCIELNY;Defender;21;Arsenal FC;England;10/set/85;28;185;France;17;0;No
215285;Guillermo OCHOA;Goalkeeper;13;AC Ajaccio;France;13/jul/85;28;185;Mexico;56;0;No
369983;Aleksei KOZLOV;Defender;2;FC Dynamo Moscow;Russia;25/dez/86;27;185;Russia;10;0;Yes
306410;Ryan McGOWAN;Defender;19;Shandong Luneng Taishan FC;China;15/ago/89;24;185;Australia;9;0;No
290931;Nicolas NKOULOU;Defender;3;Olympique Marseille;France;27/mar/90;24;185;Cameroon;47;0;No
350003;Hiroki SAKAI;Defender;21;Hannover 96;Germany;12/abr/90;24;185;Japan;17;0;No
370523;Mathis BOLLY;Midfielder;6;Fortuna Duesseldorf;Germany;14/nov/90;23;185;Ivory Coast;3;0;No
375453;ANDRE ALMEIDA;Defender;19;SL Benfica;Portugal;10/set/90;23;185;Portugal;3;0;Yes
376349;WILLIAM;Midfielder;6;Sporting CP;Portugal;07/abr/92;22;185;Portugal;3;0;Yes
358009;Phil JONES;Defender;16;Manchester United FC;England;21/fev/92;22;185;England;9;0;Yes
369392;Ross BARKLEY;Midfielder;21;Everton FC;England;05/dez/93;20;185;England;4;0;Yes
315424;Kenneth OMERUO;Defender;22;Middlesbrough FC;England;17/out/93;20;185;Nigeria;17;0;No
379911;Divock ORIGI;Forward;17;Lille OSC;France;18/abr/95;19;185;Belgium;1;0;No
319482;Rodrigo MUNOZ;Goalkeeper;12;Club Libertad;Paraguay;22/jan/82;32;185;Uruguay;0;0;No
360642;Camilo VARGAS;Goalkeeper;12;Independiente Santa Fe;Columbia;09/mar/89;25;185;Columbia;0;0;Yes
305372;Abel HERNANDEZ;Forward;8;US Citta di Palermo;Italy;08/ago/90;23;186;Uruguay;12;7;No
217315;Robin VAN PERSIE;Forward;9;Manchester United FC;England;06/ago/83;30;186;Netherlands;84;43;No
233952;FRED;Forward;9;Fluminense FC;Brazil;03/out/83;30;186;Brazil;32;16;Yes
356411;Fabian SCHAER;Defender;22;FC Basel;Switzerland;20/dez/91;22;186;Switzerland;6;3;Yes
208353;Asamoah GYAN;Forward;3;Al Ain FC;United Arab Emirates;22/nov/85;28;186;Ghana;77;38;No
321722;Thomas MUELLER;Forward;13;FC Bayern Muenchen;Germany;13/set/89;24;186;Germany;48;17;Yes
183864;Fernando TORRES;Forward;9;Chelsea FC;England;20/mar/84;30;186;Spain;107;36;No
229506;Cristhian STUANI;Forward;11;RCD Espanyol;Spain;12/out/86;27;186;Uruguay;9;3;No
349572;Jaimen AYOVI;Forward;17;Club Tijuana;Mexico;21/fev/88;26;186;Ecuador;30;9;No
313832;Jackson MARTINEZ;Forward;21;FC Porto;Portugal;03/out/86;27;186;Columbia;27;8;No
330689;JI Dongwon;Midfielder;19;FC Augsburg;Germany;28/mai/91;23;186;South Korea;27;8;No
356731;Raul JIMENEZ;Forward;9;Club America;Mexico;05/mai/91;23;186;Mexico;23;4;Yes
358736;Bruno MARTINS INDI;Defender;4;Feyenoord Rotterdam;Netherlands;08/fev/92;22;186;Netherlands;15;2;Yes
274135;Mamadou SAKHO;Defender;5;Liverpool FC;England;13/fev/90;24;186;France;18;2;No
181406;MAICON;Defender;23;AS Roma;Italy;26/jul/81;32;186;Brazil;71;7;No
268406;KI Sungyueng;Midfielder;16;Sunderland AFC;England;24/jan/89;25;186;South Korea;58;5;No
3408;Mario YEPES;Defender;3;Atalanta Bergamo;Italy;13/jan/76;38;186;Columbia;97;6;No
275931;PEPE;Defender;3;Real Madrid CF;Spain;26/fev/83;31;186;Portugal;57;3;No
186787;Sergey IGNASHEVICH;Defender;4;CSKA Moscow;Russia;14/jul/79;34;186;Russia;97;5;Yes
251481;Pejman MONTAZERI;Defender;15;Umm Salal SC;Qatar;06/set/83;30;186;Iran;20;1;No
339551;Brayan BECKELES;Defender;21;CD Olimpia;Honduras;28/nov/85;28;186;Honduras;23;1;Yes
290864;Toby ALDERWEIRELD;Defender;2;Atletico Madrid;Spain;02/mar/89;25;186;Belgium;34;1;No
209168;Eugene GALEKOVIC;Goalkeeper;18;Adelaide United FC;Australia;12/jun/81;33;186;Australia;8;0;Yes
214377;Andrea BARZAGLI;Defender;15;Juventus FC;Italy;08/mai/81;33;186;Italy;47;0;Yes
184856;Austine EJIDE;Goalkeeper;16;Hapoel Beer Sheva FC;Israel;08/abr/84;30;186;Nigeria;31;0;No
378836;Marco PAROLO;Midfielder;18;Parma FC;Italy;25/jan/85;29;186;Italy;3;0;Yes
323326;Rais MBOLHI;Goalkeeper;23;CSKA Sofia;Bulgaria;25/abr/86;28;186;Algeria;27;0;No
200130;Ezequiel GARAY;Defender;2;SL Benfica;Portugal;10/out/86;27;186;Argentina;18;0;No
291332;Ousmane DIARRASSOUBA;Defender;2;Caykur Rizespor;Turkey;21/dez/86;27;186;Ivory Coast;1;0;No
298613;HENRIQUE;Defender;15;SSC Napoli;Italy;14/out/86;27;186;Brazil;5;0;No
299090;Sokratis PAPASTATHOPOULOS;Defender;19;Borussia Dortmund;Germany;09/jun/88;26;186;Greece;47;0;No
359428;LUIS NETO;Defender;14;FC Zenit St. Petersburg;Russia;26/mai/88;26;186;Portugal;7;0;No
358694;Kevin GROSSKREUTZ;Defender;2;Borussia Dortmund;Germany;19/jul/88;25;186;Germany;4;0;Yes
319428;Daryl JANMAAT;Defender;7;Feyenoord Rotterdam;Netherlands;22/jul/89;24;186;Netherlands;15;0;Yes
367343;Yury LODYGIN;Goalkeeper;12;FC Zenit St. Petersburg;Russia;26/mai/90;24;186;Russia;2;0;Yes
359995;Ognjen VRANJES;Defender;6;Elazigspor;Turkey;24/out/89;24;186;Bosnia & Herzegovina;13;0;No
365556;Timmy CHANDLER;Defender;21;1. FC Nuernberg;Germany;29/mar/90;24;186;USA;12;0;No
336434;Clement GRENIER;Midfielder;22;Olympique Lyonnais;France;07/jan/91;23;186;France;5;0;Yes
323556;Konstantinos MANOLAS;Defender;4;Olympiacos Piraeus FC;Greece;14/jun/91;23;186;Greece;8;0;Yes
379808;Tino Sven SUSIC;Midfielder;14;HNK Hajduk Split;Croatia;13/fev/92;22;186;Bosnia & Herzegovina;2;0;No
184615;Klaas Jan HUNTELAAR;Forward;19;FC Schalke 04;Germany;12/ago/83;30;187;Netherlands;61;34;No
323623;Jerry BENGTSON;Forward;11;New England Revolution;USA;08/abr/87;27;187;Honduras;43;19;No
214876;Bryan RUIZ;Forward;10;PSV Eindhoven;Netherlands;18/ago/85;28;187;Costa Rica;62;13;No
316117;Nikica JELAVIC;Forward;9;Hull City FC;England;27/ago/85;28;187;Croatia;32;5;No
358108;Nacer CHADLI;Midfielder;22;Tottenham Hotspur FC;England;02/ago/89;24;187;Belgium;20;3;No
210213;BRUNO ALVES;Defender;2;Fenerbahce SK;Turkey;27/nov/81;32;187;Portugal;71;9;No
359381;Ivan PERISIC;Midfielder;4;VfL Wolfsburg;Germany;02/fev/89;25;187;Croatia;28;3;No
198243;Abel AGUILAR;Midfielder;8;Toulouse FC;France;06/jan/85;29;187;Columbia;48;5;No
311554;Haris SEFEROVIC;Forward;9;Real Sociedad;Spain;22/fev/92;22;187;Switzerland;11;1;No
200219;Fredy GUARIN;Midfielder;13;FC Internazionale;Italy;30/jun/86;27;187;Columbia;48;3;No
311148;Benedikt HOEWEDES;Defender;4;FC Schalke 04;Germany;29/fev/88;26;187;Germany;20;1;Yes
375754;KIM Younggwon;Defender;5;Guangzhou Evergrande FC;China;27/fev/90;24;187;South Korea;20;1;No
175689;THIAGO MOTTA;Midfielder;5;Paris Saint-Germain FC;France;28/ago/82;31;187;Italy;22;1;No
213878;Victor BERNARDEZ;Defender;5;San Jose Earthquakes;USA;24/mai/82;32;187;Honduras;76;3;No
296827;Rafik HALLICHE;Defender;5;Academica Coimbra;Portugal;02/set/86;27;187;Algeria;28;1;No
178420;Tim HOWARD;Goalkeeper;1;Everton FC;England;06/mar/79;35;187;USA;98;0;No
175413;Pepe REINA;Goalkeeper;23;SSC Napoli;Italy;31/ago/82;31;187;Spain;32;0;No
299066;EDUARDO;Goalkeeper;1;Sporting Braga;Portugal;19/set/82;31;187;Portugal;33;0;Yes
175629;Martin SILVA;Goalkeeper;23;CR Vasco da Gama;Brazil;25/mar/83;31;187;Uruguay;4;0;No
297230;Osman CHAVEZ;Defender;2;Qingdao Jonoon FC;China;29/jul/84;29;187;Honduras;54;0;No
182479;Chigozie AGBIM;Goalkeeper;21;Enugu Rangers FC;Nigeria;28/nov/84;29;187;Nigeria;14;0;Yes
305708;Mohamed ZEMMAMOUCHE;Goalkeeper;16;USM Alger;Algeria;19/mar/85;29;187;Algeria;7;0;Yes
302630;Maximo BANGUERA;Goalkeeper;1;Barcelona SC;Ecuador;16/dez/85;28;187;Ecuador;24;0;Yes
233333;Gabriel PALETTA;Defender;20;Parma FC;Italy;15/fev/86;28;187;Italy;2;0;Yes
216820;Raul ALBIOL;Defender;2;SSC Napoli;Italy;04/set/85;28;187;Spain;46;0;No
200209;Cristian ZAPATA;Defender;2;AC Milan;Italy;30/set/86;27;187;Columbia;23;0;No
354883;Liassine CADAMURO;Defender;17;RCD Mallorca;Spain;05/mar/88;26;187;Algeria;6;0;No
321734;Shuichi GONDA;Goalkeeper;23;FC Tokyo;Japan;03/mar/89;25;187;Japan;2;0;Yes
302381;Ron-Robert ZIELER;Goalkeeper;12;Hannover 96;Germany;12/fev/89;25;187;Germany;3;0;Yes
358738;Jasper CILLESSEN;Goalkeeper;1;AFC Ajax;Netherlands;22/abr/89;25;187;Netherlands;7;0;Yes
317056;Moussa SISSOKO;Midfielder;18;Newcastle United FC;England;16/ago/89;24;187;France;16;0;No
356189;Jordan HENDERSON;Midfielder;14;Liverpool FC;England;17/jun/90;24;187;England;9;0;Yes
274281;KIM Seunggyu;Goalkeeper;21;Ulsan Hyundai FC;South Korea;30/set/90;23;187;South Korea;5;0;Yes
368009;Ebenezer ODUNLAMI;Defender;12;Sunshine Stars FC;Nigeria;30/abr/91;23;187;Nigeria;11;0;Yes
379736;Matthias GINTER;Defender;3;SC Freiburg;Germany;19/jan/94;20;187;Germany;2;0;Yes
380663;Sammy BOSSUT;Goalkeeper;13;SV Zulte Waregem;Belgium;11/ago/85;28;187;Belgium;0;0;Yes
354859;Islam SLIMANI;Forward;13;Sporting CP;Portugal;18/jun/88;26;188;Algeria;19;10;No
373224;Rickie LAMBERT;Forward;18;Southampton FC;England;16/fev/82;32;188;England;4;2;Yes
186455;Shola AMEOBI;Forward;23;Newcastle United FC;England;12/out/81;32;188;Nigeria;6;2;No
267834;Edinson CAVANI;Forward;21;Paris Saint-Germain FC;France;14/fev/87;27;188;Uruguay;61;20;No
185641;Javad NEKOUNAM;Midfielder;6;Kuwait SC;Kuwait;07/set/80;33;188;Iran;137;37;No
375518;Mario MANDZUKIC;Forward;17;FC Bayern Muenchen;Germany;21/mai/86;28;188;Croatia;49;13;No
318768;Konstantinos MITROGLOU;Forward;9;Fulham FC;England;12/mar/88;26;188;Greece;31;8;No
233167;Haris MEDUNJANIN;Midfielder;18;Gaziantepspor;Turkey;08/mar/85;29;188;Bosnia & Herzegovina;35;5;No
349517;Victor IBARBO;Forward;14;Cagliari Calcio;Italy;19/mai/90;24;188;Columbia;8;1;No
239433;Diego LUGANO;Defender;2;West Bromwich Albion FC;England;02/nov/80;33;188;Uruguay;93;9;No
197514;Mile JEDINAK;Midfielder;15;Crystal Palace FC;England;03/ago/84;29;188;Australia;43;4;No
183882;Hassan YEBDA;Midfielder;7;Udinese Calcio;Italy;14/mai/84;30;188;Algeria;24;2;No
312432;Dejan LOVREN;Defender;6;Southampton FC;England;05/jul/89;24;188;Croatia;24;2;No
216874;Nicolas LOMBAERTS;Defender;18;FC Zenit St. Petersburg;Russia;20/mar/85;29;188;Belgium;26;2;No
234463;John Obi MIKEL;Midfielder;10;Chelsea FC;England;22/abr/87;27;188;Nigeria;58;4;No
367918;LUIZ GUSTAVO;Midfielder;17;VfL Wolfsburg;Germany;23/jul/87;26;188;Brazil;18;1;No
312679;HONG Jeongho;Defender;20;FC Augsburg;Germany;12/ago/89;24;188;South Korea;24;1;No
186793;Vasily BEREZUTSKIY;Defender;14;CSKA Moscow;Russia;20/jun/82;32;188;Russia;77;3;Yes
195223;Roman WEIDENFELLER;Goalkeeper;22;Borussia Dortmund;Germany;06/ago/80;33;188;Germany;2;0;Yes
175546;Alfredo TALAVERA;Goalkeeper;12;Deportivo Toluca FC;Mexico;18/set/82;31;188;Mexico;14;0;Yes
349832;Jose Maria BASANTA;Defender;23;CF Monterrey;Mexico;03/abr/84;30;188;Argentina;8;0;No
359448;Stephane RUFFIER;Goalkeeper;16;AS Saint-Etienne;France;27/set/86;27;188;France;2;0;Yes
297105;Hugo LLORIS;Goalkeeper;1;Tottenham Hotspur FC;England;26/dez/86;27;188;France;56;0;No
349631;Ricardo ALVAREZ;Midfielder;19;FC Internazionale;Italy;12/abr/88;26;188;Argentina;5;0;No
229051;Matthew SPIRANOVIC;Defender;6;Western Sydney Wanderers FC;Australia;27/jun/88;25;188;Australia;17;0;Yes
349568;Adrian BONE;Goalkeeper;12;CD El Nacional;Ecuador;08/set/88;25;188;Ecuador;3;0;Yes
367920;Diego COSTA;Forward;19;Atletico Madrid;Spain;07/out/88;25;188;Spain;3;0;Yes
319436;Leroy FER;Midfielder;18;Norwich City FC;England;05/jan/90;24;188;Netherlands;5;0;No
319340;Eliaquim MANGALA;Defender;13;FC Porto;Portugal;13/fev/91;23;188;France;3;0;No
356676;Roman BUERKI;Goalkeeper;21;Grasshopper Club;Switzerland;14/nov/90;23;188;Switzerland;0;0;Yes
309420;Mattia PERIN;Goalkeeper;13;Genoa CFC;Italy;10/nov/92;21;188;Italy;0;0;Yes
301059;Mario BALOTELLI;Forward;9;AC Milan;Italy;12/ago/90;23;189;Italy;29;12;Yes
300411;Vedad IBISEVIC;Forward;9;VfB Stuttgart;Germany;06/ago/84;29;189;Bosnia & Herzegovina;55;20;No
198106;Yaya TOURE;Midfielder;19;Manchester City FC;England;13/mai/83;31;189;Ivory Coast;82;16;No
367913;DANTE;Defender;13;FC Bayern Muenchen;Germany;18/out/83;30;189;Brazil;12;2;No
217117;Carlos VALDES;Defender;23;CA San Lorenzo de Almagro;Argentina;22/mai/85;29;189;Columbia;13;2;No
295153;Ahmad ALNAMEH;Defender;17;Naft Tehran FC;Iran;20/out/82;31;189;Iran;9;1;Yes
196900;Sami KHEDIRA;Midfielder;6;Real Madrid CF;Spain;04/abr/87;27;189;Germany;45;4;No
290904;Jan VERTONGHEN;Defender;5;Tottenham Hotspur FC;England;24/abr/87;27;189;Belgium;56;4;No
215208;Madjid BOUGUERRA;Defender;2;Lekhwiya SC;Qatar;07/out/82;31;189;Algeria;61;4;No
271253;Maya YOSHIDA;Defender;22;Southampton FC;England;24/ago/88;25;189;Japan;40;2;No
349578;Frickson ERAZO;Defender;3;CR Flamengo;Brazil;05/mai/88;26;189;Ecuador;36;1;No
183798;Roy MILLER;Defender;19;New York Red Bulls;USA;24/nov/84;29;189;Costa Rica;47;1;No
228328;Orestis KARNEZIS;Goalkeeper;1;Granada CF;Spain;11/jul/85;28;189;Greece;18;0;No
271043;DAVID LUIZ;Defender;4;Chelsea FC;England;22/abr/87;27;189;Brazil;35;0;No
269768;RUI PATRICIO;Goalkeeper;12;Sporting CP;Portugal;15/fev/88;26;189;Portugal;29;0;Yes
303034;Sergio BUSQUETS;Midfielder;16;FC Barcelona;Spain;16/jul/88;25;189;Spain;65;0;Yes
318688;Marcos ROJO;Defender;16;Sporting CP;Portugal;20/mar/90;24;189;Argentina;20;0;No
311850;Mohammed RABIU;Midfielder;17;Kuban Krasnodar;Russia;31/dez/89;24;189;Ghana;16;0;No
380069;Christoph KRAMER;Midfielder;23;Borussia Moenchengladbach;Germany;19/fev/91;23;189;Germany;2;0;Yes
308082;Diego REYES;Defender;5;FC Porto;Portugal;19/set/92;21;189;Mexico;14;0;No
379939;Nabil BENTALEB;Midfielder;14;Tottenham Hotspur FC;England;24/nov/94;19;189;Algeria;2;0;No
312316;Eric CHOUPO MOTING;Forward;13;FSV Mainz 05;Germany;23/mar/89;25;190;Cameroon;26;13;No
271414;Carlo COSTLY;Forward;13;Real Espana;Honduras;18/jul/82;31;190;Honduras;68;31;Yes
358112;Romelu LUKAKU;Forward;9;Everton FC;England;13/mai/93;21;190;Belgium;29;9;No
209989;Philippe SENDEROS;Defender;4;Valencia CF;Spain;14/fev/85;29;190;Switzerland;53;5;No
318034;Federico FERNANDEZ;Defender;17;SSC Napoli;Italy;21/fev/89;25;190;Argentina;24;2;No
356162;Esseid BELKALEM;Defender;4;Watford FC;England;01/jan/89;25;190;Algeria;13;1;No
216004;Vincent KOMPANY;Defender;4;Manchester City FC;England;10/abr/86;28;190;Belgium;59;4;No
200935;Stephane MBIA;Midfielder;17;Sevilla FC;Spain;20/mai/86;28;190;Cameroon;49;3;No
321641;Leonardo BONUCCI;Defender;19;Juventus FC;Italy;01/mai/87;27;190;Italy;36;2;Yes
207946;Souleymane BAMBA;Defender;22;Trabzonspor;Turkey;13/jan/85;29;190;Ivory Coast;42;2;No
216715;Ron VLAAR;Defender;2;Aston Villa FC;England;16/fev/85;29;190;Netherlands;23;1;No
321971;Geoff CAMERON;Defender;20;Stoke City FC;England;11/jul/85;28;190;USA;26;1;No
273291;Efe AMBROSE;Defender;5;Celtic FC;Scotland;18/out/88;25;190;Nigeria;36;1;No
228351;Alexandros TZIOLIS;Midfielder;6;Kayserispor;Turkey;13/fev/85;29;190;Greece;49;1;No
159304;Gianluigi BUFFON;Goalkeeper;1;Juventus FC;Italy;28/jan/78;36;190;Italy;139;0;Yes
358097;Asmir AVDUKIC;Goalkeeper;22;FK Borac Banja Luka;Bosnia & Herzegovina;13/mai/81;33;190;Bosnia & Herzegovina;3;0;Yes
274703;Agustin ORION;Goalkeeper;12;CA Boca Juniors;Argentina;26/jul/81;32;190;Argentina;3;0;Yes
184320;JEFFERSON;Goalkeeper;1;Botafogo FR;Brazil;02/jan/83;31;190;Brazil;9;0;Yes
198546;JUNG Sungryong;Goalkeeper;1;Suwon Bluewings FC;South Korea;04/jan/85;29;190;South Korea;60;0;Yes
229498;Fernando MUSLERA;Goalkeeper;1;Galatasaray SK;Turkey;16/jun/86;28;190;Uruguay;57;0;No
360111;Panagiotis GLYKOS;Goalkeeper;12;PAOK FC;Greece;10/out/86;27;190;Greece;2;0;Yes
298655;Salvatore SIRIGU;Goalkeeper;12;Paris Saint-Germain FC;France;12/jan/87;27;190;Italy;8;0;No
353237;Adam KWARASEY;Goalkeeper;12;Stromsgodset IF;Norway;12/dez/87;26;190;Ghana;21;0;No
359436;EDER;Forward;11;Sporting Braga;Portugal;22/dez/87;26;190;Portugal;7;0;Yes
353379;Reza HAGHIGHI;Midfielder;8;Perspolis FC;Iran;01/fev/89;25;190;Iran;7;0;Yes
362649;Andreas SAMARIS;Midfielder;22;Olympiacos Piraeus FC;Greece;13/jun/89;25;190;Greece;4;0;Yes
270714;Javi MARTINEZ;Midfielder;4;FC Bayern Muenchen;Germany;02/set/88;25;190;Spain;16;0;No
367558;Sylvain GBOHOUO;Goalkeeper;16;Sewe Sport;Ivory Coast;29/out/88;25;190;Ivory Coast;2;0;Yes
313021;Stefan DE VRIJ;Defender;3;Feyenoord Rotterdam;Netherlands;05/fev/92;22;190;Netherlands;11;0;Yes
269859;David DE GEA;Goalkeeper;12;Manchester United FC;England;07/nov/90;23;190;Spain;0;0;No
217172;JO;Forward;21;Atletico Mineiro;Brazil;20/mar/87;27;191;Brazil;16;5;Yes
305764;Gary CAHILL;Defender;5;Chelsea FC;England;19/dez/85;28;191;England;23;3;Yes
209960;Francisco RODRIGUEZ;Defender;2;Club America;Mexico;20/out/81;32;191;Mexico;92;1;Yes
94918;Faryd MONDRAGON;Goalkeeper;22;Deportivo Cali;Columbia;21/jun/71;43;191;Columbia;50;0;Yes
357990;Gordon SCHILDENFELD;Defender;13;Panathinaikos FC;Greece;18/mar/85;29;191;Croatia;21;0;No
299887;Danijel SUBASIC;Goalkeeper;23;AS Monaco;France;27/out/84;29;191;Croatia;6;0;No
299956;Joe HART;Goalkeeper;1;Manchester City FC;England;19/abr/87;27;191;England;40;0;Yes
379985;Andrey SEMENOV;Defender;5;FC Terek Grozny;Russia;24/mar/89;25;191;Russia;1;0;Yes
356933;Mitch LANGERAK;Goalkeeper;12;Borussia Dortmund;Germany;22/ago/88;25;191;Australia;3;0;No
359440;Raphael VARANE;Defender;4;Real Madrid CF;Spain;25/abr/93;21;191;France;5;0;No
300409;Edin DZEKO;Forward;11;Manchester City FC;England;17/mar/86;28;192;Bosnia & Herzegovina;62;35;No
358015;Olivier GIROUD;Forward;9;Arsenal FC;England;30/set/86;27;192;France;29;7;No
367388;Paul POGBA;Midfielder;19;Juventus FC;Italy;15/mar/93;21;192;France;10;2;No
297112;Georgios SAMARAS;Forward;7;Celtic FC;Scotland;21/fev/85;29;192;Greece;73;8;No
311150;Mats HUMMELS;Defender;5;Borussia Dortmund;Germany;16/dez/88;25;192;Germany;29;2;Yes
216973;Gerard PIQUE;Defender;3;FC Barcelona;Spain;02/fev/87;27;192;Spain;60;4;Yes
215274;Giorgio CHIELLINI;Defender;3;Juventus FC;Italy;14/ago/84;29;192;Italy;67;4;Yes
268821;Giancarlo GONZALEZ;Defender;3;Columbus Crew;USA;08/fev/88;26;192;Costa Rica;34;2;No
297373;Vedran CORLUKA;Defender;5;FC Lokomotiv Moscow;Russia;05/fev/86;28;192;Croatia;72;4;No
216645;Johan DJOUROU;Defender;20;Hamburger SV;Germany;18/jan/87;27;192;Switzerland;44;1;No
367333;Sergey RYZHIKOV;Goalkeeper;16;FC Rubin Kazan;Russia;19/set/80;33;192;Russia;1;0;Yes
266783;Sergio ROMERO;Goalkeeper;1;AS Monaco;France;22/fev/87;27;192;Argentina;45;0;No
299442;Jerome BOATENG;Defender;20;FC Bayern Muenchen;Germany;03/set/88;25;192;Germany;38;0;Yes
359993;Toni SUNJIC;Defender;15;FC Zorya Lugansk;Ukraine;15/dez/88;25;192;Bosnia & Herzegovina;7;0;No
369026;Oliver ZELENIKA;Goalkeeper;12;NK Lokomotiva Zagreb;Croatia;14/mai/93;21;192;Croatia;0;0;Yes
214410;HUGO ALMEIDA;Forward;9;Besiktas JK;Turkey;23/mai/84;30;193;Portugal;54;17;No
179048;Stipe PLETIKOSA;Goalkeeper;1;FC Rostov;Russia;08/jan/79;35;193;Croatia;110;0;No
215471;Vangelis MORAS;Defender;5;Hellas Verona FC;Italy;26/ago/81;32;193;Greece;18;0;No
253999;Ben FOSTER;Goalkeeper;13;West Bromwich Albion FC;England;03/abr/83;31;193;England;6;0;Yes
276139;Brad GUZAN;Goalkeeper;12;Aston Villa FC;England;09/set/84;29;193;USA;25;0;No
228912;Manuel NEUER;Goalkeeper;1;FC Bayern Muenchen;Germany;27/mar/86;28;193;Germany;45;0;Yes
346763;Alireza HAGHIGHI;Goalkeeper;12;Sporting Covilha;Portugal;02/mai/88;26;193;Iran;4;0;No
298738;Simon MIGNOLET;Goalkeeper;12;Liverpool FC;England;06/mar/88;26;193;Belgium;14;0;No
379888;Daniel DAVARI;Goalkeeper;22;Eintracht Braunschweig;Germany;06/jan/88;26;193;Iran;4;0;No
232760;Tim KRUL;Goalkeeper;23;Newcastle United FC;England;03/abr/88;26;193;Netherlands;5;0;No
380004;Sayouba MANDE;Goalkeeper;23;Stabaek IF;Norway;15/jun/93;21;193;Ivory Coast;1;0;No
373555;John BROOKS;Defender;6;Hertha BSC;Germany;28/jan/93;21;193;USA;4;0;No
306900;Okechukwu UCHEBO;Forward;20;Cercle Brugge;Belgium;03/fev/90;24;194;Nigeria;3;1;No
290902;Marouane FELLAINI;Midfielder;8;Manchester United FC;England;22/nov/87;26;194;Belgium;50;8;No
306144;Mariano ANDUJAR;Goalkeeper;21;Calcio Catania;Italy;30/jul/83;30;194;Argentina;10;0;No
356748;Chris SMALLING;Defender;12;Manchester United FC;England;22/nov/89;24;194;England;11;0;Yes
319413;Panagiotis TACHTSIDIS;Midfielder;23;Torino FC;Italy;15/fev/91;23;194;Greece;5;0;No
320375;Joel MATIP;Midfielder;21;FC Schalke 04;Germany;08/ago/91;22;194;Cameroon;22;0;No
356711;Azubuike EGWUEKWE;Defender;6;Warri Wolves FC;Nigeria;16/jul/89;24;195;Nigeria;31;1;Yes
309426;VICTOR;Goalkeeper;22;Atletico Mineiro;Brazil;21/jan/83;31;195;Brazil;6;0;Yes
196633;Diego BENAGLIO;Goalkeeper;1;VfL Wolfsburg;Germany;08/set/83;30;195;Switzerland;57;0;No
234405;Omar GONZALEZ;Defender;3;Los Angeles Galaxy;USA;11/out/88;25;195;USA;19;0;Yes
375523;Daniel VAN BUYTEN;Defender;15;FC Bayern Muenchen;Germany;07/fev/78;36;196;Belgium;79;10;No
321745;KIM Shinwook;Forward;18;Ulsan Hyundai FC;South Korea;14/abr/88;26;196;South Korea;27;3;Yes
365464;Juan MONTES;Defender;4;CD Motagua;Honduras;26/dez/85;28;196;Honduras;11;1;Yes
303419;Alexander DOMINGUEZ;Goalkeeper;22;LDU Quito;Ecuador;05/jun/87;27;196;Ecuador;18;0;Yes
305382;Sebastian COATES;Defender;19;Club Nacional de Football;Uruguay;07/out/90;23;196;Uruguay;14;0;Yes
362645;Stefanos KAPINO;Goalkeeper;13;Panathinaikos FC;Greece;18/mar/94;20;196;Greece;2;0;Yes
207888;Per MERTESACKER;Defender;17;Arsenal FC;England;29/set/84;29;198;Germany;97;4;No
230121;Asmir BEGOVIC;Goalkeeper;1;Stoke City FC;England;20/jun/87;26;198;Bosnia & Herzegovina;30;0;No
358106;Thibaut COURTOIS;Goalkeeper;1;Atletico Madrid;Spain;11/mai/92;22;198;Belgium;16;0;No
367415;Jasmin FEJZIC;Goalkeeper;12;VfR Aalen;Germany;15/mai/86;28;198;Bosnia & Herzegovina;0;0;No
306818;LEE Bumyoung;Goalkeeper;23;Busan IPark FC;South Korea;02/abr/89;25;199;South Korea;0;0;Yes
362881;Fraser FORSTER;Goalkeeper;22;Celtic FC;Scotland;17/mar/88;26;201;England;1;0;No
